,Group,Gilenya_pat,Gilenya_relapse,Gilenya_relapse_rate,Tecfidera_pat,Tecfidera_relapse,Tecfidera_relapse_rate,actual_treatment,expect_Gilenya_relapse_rate,expect_Tecfidera_relapse_rate,expect_treatment
training,lowest 35%,491,37,0.0753564154786151,446,102,0.228699551569507,-0.153343136090892,0.0715420465221898,0.202749113218514,-0.131207066696324
training,middle 30%,412,38,0.0922330097087379,392,40,0.102040816326531,-0.00980780661779275,0.107282309742906,0.134403978550413,-0.027121668807507
training,highest 35%,435,79,0.181609195402299,502,46,0.0916334661354582,0.0899757292668407,0.172243918780333,0.0868024189977583,0.0854414997825743
test,lowest 50%,176,23,0.130681818181818,159,20,0.125786163522013,0.0048956546598056,0.0786804248522683,0.187707991114995,-0.109027566262727
test,highest 50%,160,20,0.125,175,23,0.131428571428571,-0.00642857142857142,0.15451225919834,0.0992578040501988,0.0552544551481416
