model,training/test,num_actual_positive,num_actual_negative,num_crt_pred_positive,num_crt_pred_negative,true_post_rate,true_neg_rate,PPV,NPV,rate_accuracy
std,training,51,349,25.67,323.67,0.503333333333333,0.927421203438395,0.503333333333333,0.927421203438395,0.87335
std,test,377,2571,92.06,2255.97,0.244190981432361,0.877467911318553,0.227058892641857,0.887890240776579,0.796482360922659
stepwise,training,51,349,23.3,319.54,0.456862745098039,0.915587392550143,0.442686258234998,0.920247862864517,0.8571
stepwise,test,377,2571,96.18,2256.39,0.255119363395225,0.877631271878646,0.234732548068165,0.889373683095266,0.798022388059701
lasso,training,51,349,21.59,319.53,0.423333333333333,0.915558739255014,0.423018298756368,0.915712361691544,0.8528
lasso,test,377,2571,97.05,2287.75,0.257427055702918,0.889828860365616,0.25637548420765,0.891004753887458,0.808955223880597
