,Group,Gilenya_pat,Gilenya_relapse,Gilenya_relapse_rate,Tecfidera_pat,Tecfidera_relapse,Tecfidera_relapse_rate,actual_treatment,expect_Gilenya_relapse_rate,expect_Tecfidera_relapse_rate,expect_treatment
training,lowest 35%,629,67,0.106518282988871,300,89,0.296666666666667,-0.190148383677795,0.107241474128183,0.302476036996002,-0.195234562867819
training,middle 30%,495,27,0.0545454545454545,302,17,0.0562913907284768,-0.00174593618302228,0.0546772079293909,0.0623286642081221,-0.00765145627873115
training,highest 35%,605,109,0.180165289256198,324,20,0.0617283950617284,0.11843689419447,0.172382647691973,0.0695882395727209,0.102794408119253
test,lowest 50%,202,30,0.148514851485149,130,16,0.123076923076923,0.0254379284082254,0.0985950706728324,0.245689496462915,-0.147094425790082
test,highest 50%,218,22,0.100917431192661,113,14,0.123893805309735,-0.022976374117074,0.152194302862804,0.0609999805336926,0.0911943223291115
